# Rectangles,Area
17,1.06249
34,1.02769
68,1.01043
137,1.00644
274,1.00215
549,1.00116
1099,1.00067
2199,1.00042
4398,1.00015
8797,1.00009
17595,1.00006
35190,1.00003
70380,1.00001
